{
  "loss": [
    3.1557867527008057, 2.250645875930786, 2.044511318206787, 1.949986219406128,
    1.9057697057724, 1.801203727722168, 1.4223625659942627, 1.2303956747055054,
    1.0824333429336548, 0.9494380354881287, 0.8449198603630066,
    0.7501867413520813, 0.6857117414474487, 0.6264529824256897,
    0.5805407762527466, 0.5472576022148132, 0.5223373770713806,
    0.5034336447715759, 0.4896329641342163, 0.4795253276824951,
    0.47189074754714966, 0.466576486825943, 0.46285298466682434,
    0.46063998341560364, 0.4598422050476074, 1.2158738374710083,
    0.780805766582489, 0.6576151251792908, 0.6022502779960632,
    0.5856201648712158, 0.564838171005249, 0.5362246036529541,
    0.5154439806938171, 0.5058006048202515, 0.4885433614253998,
    0.47422510385513306, 0.46732431650161743, 0.4587928354740143,
    0.4521409571170807, 0.44827979803085327, 0.445524126291275,
    0.44365641474723816, 0.44210249185562134, 0.4414311945438385,
    0.44084474444389343
  ],
  "accuracy": [
    0.30628713965415955, 0.5031683444976807, 0.5562541484832764,
    0.5815181732177734, 0.5919967293739319, 0.6249834895133972,
    0.7302640080451965, 0.7851155400276184, 0.8279042840003967,
    0.8684653639793396, 0.8992739319801331, 0.9300659894943237,
    0.9503465294837952, 0.9683003425598145, 0.9812211394309998,
    0.9892409443855286, 0.9937788844108582, 0.996930718421936,
    0.9982838034629822, 0.9990593791007996, 0.9993729591369629,
    0.9997524619102478, 0.9996699690818787, 0.9998679757118225,
    0.9998679757118225, 0.7884488701820374, 0.9094224572181702,
    0.9481188058853149, 0.9654950499534607, 0.969339907169342,
    0.9751484990119934, 0.9828217625617981, 0.9883168339729309,
    0.9897359609603882, 0.9936303496360779, 0.9965511560440063,
    0.9974092245101929, 0.9985478520393372, 0.9993729591369629,
    0.999735951423645, 0.9997854828834534, 0.9998844861984253,
    0.9999340176582336, 0.9999175071716309, 0.9999340176582336
  ],
  "top_5_accuracy": [
    0.5474092364311218, 0.7751980423927307, 0.816006600856781,
    0.833531379699707, 0.8424257636070251, 0.8606105446815491,
    0.918168306350708, 0.9437458515167236, 0.9628713130950928,
    0.9760066270828247, 0.9860560894012451, 0.992706298828125,
    0.9956105351448059, 0.998201310634613, 0.9992079138755798,
    0.9996699690818787, 0.9999340176582336, 0.9999340176582336,
    0.9999834895133972, 1.0, 1.0, 1.0, 1.0, 1.0, 1.0, 0.9414686560630798,
    0.9879372715950012, 0.9960066080093384, 0.9979702830314636,
    0.9988119006156921, 0.9991254210472107, 0.9993234276771545,
    0.9997524619102478, 0.9999175071716309, 0.9999834895133972,
    0.9999504685401917, 1.0, 0.9999834895133972, 1.0, 1.0, 1.0, 1.0, 1.0, 1.0,
    1.0
  ],
  "val_loss": [
    2.2249343395233154, 1.9664061069488525, 1.8865177631378174,
    1.8443280458450317, 1.861881971359253, 5.247923851013184,
    2.0891478061676025, 1.9687844514846802, 1.6565016508102417,
    1.6605690717697144, 1.6028767824172974, 1.544492244720459,
    1.5425996780395508, 1.4967378377914429, 1.4714895486831665,
    1.4563738107681274, 1.422910451889038, 1.3981205224990845,
    1.3897627592086792, 1.3828812837600708, 1.378614068031311,
    1.3731423616409302, 1.3743274211883545, 1.3758693933486938,
    1.3757532835006714, 2.3916895389556885, 1.705735206604004,
    1.6047112941741943, 1.5878474712371826, 1.6046245098114014,
    1.5902698040008545, 1.5620630979537964, 1.5464117527008057,
    1.5230218172073364, 1.5278006792068481, 1.4978911876678467,
    1.477099061012268, 1.4703927040100098, 1.4584317207336426,
    1.4549790620803833, 1.4504081010818481, 1.455617904663086,
    1.4469980001449585, 1.4449801445007324, 1.444891333580017
  ],
  "val_accuracy": [
    0.5163036584854126, 0.583366334438324, 0.5987458825111389,
    0.612673282623291, 0.6072607040405273, 0.2968316972255707,
    0.5916831493377686, 0.614917516708374, 0.6837623715400696,
    0.6886468529701233, 0.6989439129829407, 0.7199339866638184,
    0.715115487575531, 0.7300329804420471, 0.7343894243240356,
    0.7344554662704468, 0.7446204423904419, 0.7521452307701111,
    0.754323422908783, 0.7564356327056885, 0.7579538226127625,
    0.7599999904632568, 0.7594719529151917, 0.7583498358726501,
    0.7590758800506592, 0.528316855430603, 0.6821122169494629,
    0.7009240984916687, 0.7139933705329895, 0.7135973572731018,
    0.7203300595283508, 0.7219141721725464, 0.7307590842247009,
    0.7326072454452515, 0.7337954044342041, 0.739207923412323,
    0.742706298828125, 0.7495709657669067, 0.7504290342330933,
    0.7518151998519897, 0.7534653544425964, 0.7522112131118774,
    0.7556435465812683, 0.7560396194458008, 0.7559735774993896
  ],
  "val_top_5_accuracy": [
    0.7805940508842468, 0.8308910727500916, 0.8460726141929626,
    0.8535313606262207, 0.8433003425598145, 0.5475907325744629,
    0.8320792317390442, 0.8488448858261108, 0.8871946930885315,
    0.8856105804443359, 0.8867326974868774, 0.8933333158493042,
    0.8966996669769287, 0.9008581042289734, 0.9009901285171509,
    0.9029042720794678, 0.9043564200401306, 0.9080528020858765,
    0.908184826374054, 0.9080528020858765, 0.9087128639221191,
    0.9103630185127258, 0.9110230803489685, 0.9106930494308472,
    0.910165011882782, 0.7555115222930908, 0.8671947121620178,
    0.881848156452179, 0.887326717376709, 0.8847524523735046,
    0.8867326974868774, 0.8914191126823425, 0.8891749382019043,
    0.8933333158493042, 0.8931353092193604, 0.895775556564331,
    0.8991419076919556, 0.899537980556488, 0.9014521241188049,
    0.9028382897377014, 0.9019802212715149, 0.9020462036132812,
    0.9033663272857666, 0.9021782279014587, 0.9027722477912903
  ],
  "lr": [
    2.0e-4, 4.0e-4, 6.0e-4, 8.0e-4, 0.001, 0.001, 9.9384e-4, 9.7553e-4,
    9.4551e-4, 9.0452e-4, 8.5357e-4, 7.9391e-4, 7.2702e-4, 6.5454e-4, 5.7826e-4,
    5.0005e-4, 4.2184e-4, 3.4556e-4, 2.7308e-4, 2.0619e-4, 1.4653e-4, 9.5582e-5,
    5.4591e-5, 2.4569e-5, 6.2552e-6, 0.001, 9.9384e-4, 9.7553e-4, 9.4551e-4,
    9.0452e-4, 8.5357e-4, 7.9391e-4, 7.2702e-4, 6.5454e-4, 5.7826e-4, 5.0005e-4,
    4.2184e-4, 3.4556e-4, 2.7308e-4, 2.0619e-4, 1.4653e-4, 9.5582e-5, 5.4591e-5,
    2.4569e-5, 6.2552e-6
  ]
}
