{"accuracy": [0.33981847763061523, 0.5228548049926758, 0.5700660347938538, 0.5931023359298706, 0.6050660014152527, 0.6438283920288086, 0.7371947169303894, 0.7907921075820923, 0.8349999785423279, 0.8714356422424316, 0.9010065793991089, 0.9253135323524475, 0.9434323310852051, 0.9575412273406982, 0.9662046432495117, 0.9738779067993164, 0.9801980257034302, 0.9845874309539795, 0.9868977069854736, 0.9901815056800842, 0.9917491674423218, 0.9928547739982605, 0.9938613772392273, 0.9940924048423767, 0.9944884777069092], "loss": [3.024958848953247, 2.162869453430176, 1.9781482219696045, 1.8883109092712402, 1.842382788658142, 1.723786473274231, 1.389764666557312, 1.2046239376068115, 1.0575060844421387, 0.9452388286590576, 0.8491829037666321, 0.7747260332107544, 0.7165042757987976, 0.6731699705123901, 0.6402269601821899, 0.6123499274253845, 0.5878685712814331, 0.5699795484542847, 0.5561259388923645, 0.541424572467804, 0.5321342945098877, 0.5256050229072571, 0.5197909474372864, 0.5164891481399536, 0.5149362087249756], "top_5_accuracy": [0.5987789034843445, 0.7951815128326416, 0.8283168077468872, 0.8438448905944824, 0.8534653186798096, 0.8723267316818237, 0.9233828186988831, 0.9498679637908936, 0.9660065770149231, 0.9788283705711365, 0.9865016341209412, 0.9925577640533447, 0.9952640533447266, 0.9967162013053894, 0.9977392554283142, 0.9989603757858276, 0.9991419315338135, 0.999273955821991, 0.9993564486503601, 0.999455451965332, 0.9995874762535095, 0.9996369481086731, 0.9997854828834534, 0.9997029900550842, 0.9996864795684814], "val_accuracy": [0.5273927450180054, 0.5972937345504761, 0.6176897883415222, 0.6347194910049438, 0.6376237869262695, 0.7062706351280212, 0.7270627021789551, 0.7409241199493408, 0.7504290342330933, 0.7477227449417114, 0.7442904114723206, 0.7490429282188416, 0.7586798667907715, 0.7617161870002747, 0.7618482112884521, 0.7622442245483398, 0.7629042863845825, 0.7704290151596069, 0.7718811631202698, 0.7734653353691101, 0.7729372978210449, 0.7740594148635864, 0.7750495076179504, 0.7752475142478943, 0.7767657041549683], "val_loss": [2.1671833992004395, 1.8864556550979614, 1.801908254623413, 1.7507259845733643, 1.7474327087402344, 1.5038717985153198, 1.4333617687225342, 1.4041939973831177, 1.3922126293182373, 1.3916388750076294, 1.4158128499984741, 1.3992019891738892, 1.3907064199447632, 1.3743605613708496, 1.3639036417007446, 1.3596078157424927, 1.356597900390625, 1.3271971940994263, 1.3164536952972412, 1.3077495098114014, 1.309407353401184, 1.2954027652740479, 1.293789029121399, 1.2902441024780273, 1.2887616157531738], "val_top_5_accuracy": [0.7972937226295471, 0.8405940532684326, 0.8568316698074341, 0.8617161512374878, 0.8658086061477661, 0.9034323692321777, 0.9132013320922852, 0.9163036346435547, 0.9198019504547119, 0.9172937273979187, 0.9161056280136108, 0.9145214557647705, 0.9168316721916199, 0.919867992401123, 0.91762375831604, 0.9182178378105164, 0.9179537892341614, 0.9199339747428894, 0.9205280542373657, 0.9212540984153748, 0.9200659990310669, 0.9212540984153748, 0.9219142198562622, 0.9219802021980286, 0.9213201403617859], "learning_rate": [0.00019999999494757503, 0.00039999998989515007, 0.0006000000284984708, 0.0007999999797903001, 0.0010000000474974513, 0.0010000000474974513, 0.0009938448201864958, 0.0009755307110026479, 0.0009455087129026651, 0.0009045180631801486, 0.0008535680244676769, 0.0007939132628962398, 0.0007270225323736668, 0.0006545430514961481, 0.0005782594089396298, 0.0005000500241294503, 0.00042184058111160994, 0.0003455569676589221, 0.00027307745767757297, 0.00020618675625883043, 0.00014653196558356285, 9.558195597492158e-05, 5.459128806251101e-05, 2.4569295419496484e-05, 6.255213975236984e-06]}