{"accuracy": [0.29938945174217224, 0.4831518232822418, 0.5298845171928406, 0.5483828186988831, 0.5622772574424744, 0.6022112369537354, 0.6845544576644897, 0.7266831398010254, 0.7592409253120422, 0.7887623906135559, 0.8164686560630798, 0.8389273881912231, 0.8638119101524353, 0.8843564391136169, 0.8994719386100769, 0.9192409515380859, 0.9310891032218933, 0.9416501522064209, 0.9504290223121643, 0.9582343101501465, 0.964669942855835, 0.9676732420921326, 0.9713861346244812, 0.9735643267631531, 0.9724917411804199], "loss": [3.172020673751831, 2.31788969039917, 2.12703275680542, 2.049903631210327, 2.005530834197998, 1.8742084503173828, 1.5755640268325806, 1.424035906791687, 1.3051252365112305, 1.2019058465957642, 1.1073362827301025, 1.0278748273849487, 0.9559227228164673, 0.8908349871635437, 0.8405917286872864, 0.7824855446815491, 0.7458483576774597, 0.7110030055046082, 0.6841855645179749, 0.6585226655006409, 0.6401132941246033, 0.6285231709480286, 0.6183974146842957, 0.6101422905921936, 0.611527681350708], "top_5_accuracy": [0.5578877925872803, 0.7620627284049988, 0.8005940318107605, 0.8135313391685486, 0.8211055994033813, 0.84684818983078, 0.8952475190162659, 0.918877899646759, 0.9354785680770874, 0.9484158158302307, 0.9621947407722473, 0.9695379734039307, 0.9770132303237915, 0.9830362796783447, 0.986699640750885, 0.9908745884895325, 0.9935808777809143, 0.9947524666786194, 0.9960066080093384, 0.9968811869621277, 0.9975907802581787, 0.9978877902030945, 0.9981023073196411, 0.9983663558959961, 0.9983333349227905], "val_accuracy": [0.5113531351089478, 0.5844884514808655, 0.6034983396530151, 0.6196699738502502, 0.6240264177322388, 0.6949834823608398, 0.7203300595283508, 0.7365016341209412, 0.7428382635116577, 0.7467326521873474, 0.7450165152549744, 0.7528052926063538, 0.761782169342041, 0.7602640390396118, 0.7618482112884521, 0.7653465270996094, 0.76303631067276, 0.7677227854728699, 0.7717491984367371, 0.7732673287391663, 0.7710230946540833, 0.7740594148635864, 0.7735313773155212, 0.773663341999054, 0.7743894457817078], "val_loss": [2.2415010929107666, 1.9385111331939697, 1.853276252746582, 1.793676733970642, 1.7815327644348145, 1.5417639017105103, 1.4520756006240845, 1.4004424810409546, 1.3780362606048584, 1.3609449863433838, 1.3749078512191772, 1.344761848449707, 1.3306291103363037, 1.3457183837890625, 1.3395910263061523, 1.32528817653656, 1.3320245742797852, 1.3080109357833862, 1.3084079027175903, 1.2956043481826782, 1.2887744903564453, 1.2884550094604492, 1.2816885709762573, 1.2821158170700073, 1.2788753509521484], "val_top_5_accuracy": [0.7796039581298828, 0.8348515033721924, 0.8480527997016907, 0.8580858111381531, 0.8585478663444519, 0.8972277045249939, 0.909174919128418, 0.9174917340278625, 0.9174917340278625, 0.9208580851554871, 0.9195379614830017, 0.9227062463760376, 0.9251484870910645, 0.9226402640342712, 0.9225082397460938, 0.9235643744468689, 0.9230362772941589, 0.9236303567886353, 0.9265346527099609, 0.9258745908737183, 0.9258086085319519, 0.9246864914894104, 0.9262046217918396, 0.9252805113792419, 0.9263366460800171], "learning_rate": [0.00019999999494757503, 0.00039999998989515007, 0.0006000000284984708, 0.0007999999797903001, 0.0010000000474974513, 0.0010000000474974513, 0.0009938448201864958, 0.0009755307110026479, 0.0009455087129026651, 0.0009045180631801486, 0.0008535680244676769, 0.0007939132628962398, 0.0007270225323736668, 0.0006545430514961481, 0.0005782594089396298, 0.0005000500241294503, 0.00042184058111160994, 0.0003455569676589221, 0.00027307745767757297, 0.00020618675625883043, 0.00014653196558356285, 9.558195597492158e-05, 5.459128806251101e-05, 2.4569295419496484e-05, 6.255213975236984e-06]}