{
  "loss": [
    3.351531744003296, 2.4218997955322266, 2.2065978050231934,
    2.126060962677002, 2.082469940185547, 1.9424476623535156,
    1.5910085439682007, 1.4283167123794556, 1.304460883140564,
    1.2019884586334229, 1.1075104475021362, 1.0226649045944214,
    0.9438827633857727, 0.8622115254402161, 0.8012175559997559,
    0.742605447769165, 0.6919754147529602, 0.6469225883483887,
    0.6150971055030823, 0.5893674492835999, 0.5706831812858582,
    0.5567049384117126, 0.5459603071212769, 0.539616584777832,
    0.5376375317573547
  ],
  "accuracy": [
    0.2607755661010742, 0.45991748571395874, 0.5133333206176758,
    0.5343894362449646, 0.5450659990310669, 0.5893069505691528,
    0.6808086037635803, 0.7282673120498657, 0.7621946930885315,
    0.7908085584640503, 0.815561056137085, 0.8417491912841797, 0.86600661277771,
    0.8893234133720398, 0.9090924263000488, 0.9271287322044373,
    0.9427887797355652, 0.9569141864776611, 0.9667986631393433,
    0.9744389653205872, 0.979669988155365, 0.9840759038925171,
    0.9867821931838989, 0.9882838129997253, 0.9891914129257202
  ],
  "top_5_accuracy": [
    0.49379536509513855, 0.7389273643493652, 0.7854125499725342,
    0.7990593910217285, 0.8096864819526672, 0.8344059586524963,
    0.8939604163169861, 0.9158085584640503, 0.9328218102455139,
    0.947029709815979, 0.9581683278083801, 0.9667161703109741,
    0.9754125475883484, 0.9818812012672424, 0.9873432517051697,
    0.9917491674423218, 0.9943729639053345, 0.9968481659889221,
    0.9981023073196411, 0.9985973834991455, 0.9990924000740051,
    0.9992409348487854, 0.9994389414787292, 0.9996204376220703,
    0.9995379447937012
  ],
  "val_loss": [
    2.3189499378204346, 2.0140459537506104, 1.9422576427459717,
    1.916707158088684, 1.91521418094635, 2.554270029067993, 1.9286543130874634,
    2.007392406463623, 1.7406408786773682, 1.5721631050109863,
    1.5598962306976318, 1.4849414825439453, 1.5036871433258057,
    1.4870160818099976, 1.4582520723342896, 1.4388542175292969,
    1.4104405641555786, 1.4102513790130615, 1.397545337677002,
    1.3819546699523926, 1.3739383220672607, 1.3657889366149902,
    1.3683476448059082, 1.3633407354354858, 1.3636364936828613
  ],
  "val_accuracy": [
    0.49168315529823303, 0.5643564462661743, 0.5861386060714722,
    0.5889769196510315, 0.5915511846542358, 0.46567657589912415,
    0.6258745789527893, 0.6067987084388733, 0.6610561013221741,
    0.6997359991073608, 0.703498363494873, 0.7223102450370789,
    0.720858097076416, 0.724092423915863, 0.7322772145271301,
    0.7372937202453613, 0.7454785704612732, 0.7467986941337585,
    0.7530032992362976, 0.7556435465812683, 0.7541913986206055,
    0.757293701171875, 0.7561716437339783, 0.7582178115844727,
    0.7584818601608276
  ],
  "val_top_5_accuracy": [
    0.7686468362808228, 0.8226402401924133, 0.8337293863296509,
    0.8360396027565002, 0.8358415961265564, 0.7491089105606079,
    0.8577557802200317, 0.8376237750053406, 0.8723432421684265,
    0.8970956802368164, 0.8986138701438904, 0.905676543712616,
    0.9035643339157104, 0.9049504995346069, 0.909438967704773,
    0.9100329875946045, 0.9132673144340515, 0.9117491841316223,
    0.9128052592277527, 0.9144554734230042, 0.9147194623947144,
    0.9157095551490784, 0.9154455661773682, 0.9153135418891907,
    0.9149835109710693
  ],
  "lr": [
    2.0e-4, 4.0e-4, 6.0e-4, 8.0e-4, 0.001, 0.001, 9.9384e-4, 9.7553e-4,
    9.4551e-4, 9.0452e-4, 8.5357e-4, 7.9391e-4, 7.2702e-4, 6.5454e-4, 5.7826e-4,
    5.0005e-4, 4.2184e-4, 3.4556e-4, 2.7308e-4, 2.0619e-4, 1.4653e-4, 9.5582e-5,
    5.4591e-5, 2.4569e-5, 6.2552e-6
  ]
}
