{
  "loss": [
    4.0866522789001465, 3.5324058532714844, 3.359665870666504,
    3.315589189529419, 3.30881404876709, 3.102555990219116, 2.8350963592529297,
    2.681685447692871, 2.599597930908203, 2.5357697010040283, 2.446277141571045,
    2.3874247074127197, 2.315922737121582, 2.284761428833008,
    2.2169618606567383, 2.1888325214385986, 2.1404404640197754,
    2.077833652496338, 2.0418074131011963, 2.0150327682495117,
    1.9670283794403076, 1.9581103324890137, 1.949760913848877,
    1.929693341255188, 1.9236432313919067
  ],
  "accuracy": [
    0.14764025807380676, 0.28506600856781006, 0.33891087770462036,
    0.3505610525608063, 0.35333332419395447, 0.4217986762523651,
    0.49904289841651917, 0.5469636917114258, 0.5615676641464233,
    0.5820627212524414, 0.6021122336387634, 0.6143234372138977,
    0.630313515663147, 0.6352310180664062, 0.6544884443283081,
    0.6568647027015686, 0.6754785776138306, 0.6852805018424988,
    0.6994719505310059, 0.7030363082885742, 0.7159571051597595,
    0.7168316841125488, 0.7240594029426575, 0.7263036370277405,
    0.7250494956970215
  ],
  "top_5_accuracy": [
    0.3264521360397339, 0.5414356589317322, 0.5960561037063599,
    0.6080198287963867, 0.612508237361908, 0.6816996932029724,
    0.7538118958473206, 0.7904950380325317, 0.8049339652061462,
    0.8210065960884094, 0.8377557992935181, 0.8487293720245361,
    0.8603300452232361, 0.8656270503997803, 0.8775742650032043,
    0.8838449120521545, 0.8936633467674255, 0.9013036489486694,
    0.9083993434906006, 0.9130527973175049, 0.9183168411254883,
    0.9205940365791321, 0.9228382706642151, 0.9242409467697144,
    0.9222607016563416
  ],
  "val_loss": [
    2.6767430305480957, 2.241687059402466, 2.1082398891448975,
    2.0520825386047363, 2.03059458732605, 3.1382768154144287, 2.019008159637451,
    1.912705898284912, 1.756221890449524, 1.555686593055725, 1.4691336154937744,
    1.4276909828186035, 1.4001550674438477, 1.348589539527893,
    1.3378715515136719, 1.3008044958114624, 1.2860902547836304,
    1.2765475511550903, 1.2694809436798096, 1.2605342864990234,
    1.248387336730957, 1.2454631328582764, 1.2393971681594849,
    1.237191081047058, 1.235236644744873
  ],
  "val_accuracy": [
    0.42851483821868896, 0.5251485109329224, 0.5512871146202087,
    0.5642904043197632, 0.568976879119873, 0.4406600594520569,
    0.5896369814872742, 0.6331353187561035, 0.6710231304168701,
    0.7065346240997314, 0.7231683135032654, 0.7342574000358582,
    0.742178201675415, 0.7524752616882324, 0.7557095885276794,
    0.7666666507720947, 0.7682508230209351, 0.7689769268035889,
    0.7741253972053528, 0.7746534943580627, 0.7779538035392761,
    0.7774917483329773, 0.7792079448699951, 0.7790759205818176,
    0.7811881303787231
  ],
  "val_top_5_accuracy": [
    0.7027722597122192, 0.7943894267082214, 0.8093729615211487,
    0.8155775666236877, 0.8250164985656738, 0.7101650238037109,
    0.8261386156082153, 0.8603300452232361, 0.8798679709434509,
    0.9000660181045532, 0.9053465127944946, 0.9129372835159302,
    0.9137293696403503, 0.9191418886184692, 0.9214521646499634,
    0.9256765842437744, 0.9273267388343811, 0.9259405732154846,
    0.9295709729194641, 0.9289768934249878, 0.9302970170974731,
    0.9313531517982483, 0.9316171407699585, 0.9316171407699585,
    0.9318152070045471
  ],
  "lr": [
    2.0e-4, 4.0e-4, 6.0e-4, 8.0e-4, 0.001, 0.001, 9.9384e-4, 9.7553e-4,
    9.4551e-4, 9.0452e-4, 8.5357e-4, 7.9391e-4, 7.2702e-4, 6.5454e-4, 5.7826e-4,
    5.0005e-4, 4.2184e-4, 3.4556e-4, 2.7308e-4, 2.0619e-4, 1.4653e-4, 9.5582e-5,
    5.4591e-5, 2.4569e-5, 6.2552e-6
  ]
}
