{"accuracy": [0.19417491555213928, 0.31757426261901855, 0.35181519389152527, 0.38235974311828613, 0.37920790910720825, 0.4347524642944336, 0.5051650404930115, 0.5306105613708496, 0.5518481731414795, 0.5768482089042664, 0.5900825262069702, 0.608729362487793, 0.6158580780029297, 0.642359733581543, 0.6545214653015137, 0.664653480052948, 0.6693564653396606, 0.6876402497291565, 0.7019801735877991, 0.701072633266449, 0.7149835228919983, 0.7162376046180725, 0.7186468839645386, 0.7361056208610535, 0.7313531637191772], "loss": [3.8965160846710205, 3.419748306274414, 3.3041975498199463, 3.200632333755493, 3.2132351398468018, 3.0540647506713867, 2.807950496673584, 2.7087535858154297, 2.6413424015045166, 2.541820764541626, 2.506561756134033, 2.4158966541290283, 2.394303321838379, 2.301665782928467, 2.2648518085479736, 2.2198801040649414, 2.176013231277466, 2.1343460083007812, 2.083387851715088, 2.0772438049316406, 2.006659507751465, 2.0040223598480225, 2.0065979957580566, 1.964058756828308, 1.9671231508255005], "top_5_accuracy": [0.4066501557826996, 0.5774752497673035, 0.6155610680580139, 0.644603967666626, 0.6359406113624573, 0.6970627307891846, 0.755759060382843, 0.7812376022338867, 0.7981188297271729, 0.8191749453544617, 0.8308581113815308, 0.8417161703109741, 0.8500000238418579, 0.867260754108429, 0.8766666650772095, 0.8842904567718506, 0.8872937560081482, 0.9005445837974548, 0.9058085680007935, 0.9065841436386108, 0.9154620170593262, 0.9179207682609558, 0.920412540435791, 0.9262046217918396, 0.9260066151618958], "val_accuracy": [0.4704950451850891, 0.555049479007721, 0.5899009704589844, 0.5934653282165527, 0.5976237654685974, 0.6727392673492432, 0.7037623524665833, 0.7258746027946472, 0.7334653735160828, 0.7423762083053589, 0.7541913986206055, 0.7596699595451355, 0.7611221075057983, 0.7690429091453552, 0.7772276997566223, 0.7763036489486694, 0.7851485013961792, 0.7844224572181702, 0.7862706184387207, 0.7897029519081116, 0.7892408967018127, 0.7924092411994934, 0.7904950380325317, 0.792343258857727, 0.7927392721176147], "val_loss": [2.5164923667907715, 2.1355936527252197, 1.9929041862487793, 1.9420561790466309, 1.9180353879928589, 1.6471675634384155, 1.5174013376235962, 1.4445443153381348, 1.4234991073608398, 1.3751150369644165, 1.35650634765625, 1.3371739387512207, 1.3065932989120483, 1.2914092540740967, 1.2618484497070312, 1.2609013319015503, 1.2369530200958252, 1.232357382774353, 1.207284688949585, 1.2037285566329956, 1.2200547456741333, 1.1971122026443481, 1.1924930810928345, 1.188918113708496, 1.197084903717041], "val_top_5_accuracy": [0.7495709657669067, 0.8098349571228027, 0.8344554305076599, 0.8361716270446777, 0.8440924286842346, 0.8838284015655518, 0.9033003449440002, 0.910165011882782, 0.9155115485191345, 0.9165016412734985, 0.9217161536216736, 0.9237623810768127, 0.9280527830123901, 0.9271947145462036, 0.9308250546455383, 0.9306930899620056, 0.9332013130187988, 0.9341254234313965, 0.9354455471038818, 0.9339274168014526, 0.934983491897583, 0.9347854852676392, 0.9364356398582458, 0.9351814985275269, 0.9357755780220032], "learning_rate": [0.00019999999494757503, 0.00039999998989515007, 0.0006000000284984708, 0.0007999999797903001, 0.0010000000474974513, 0.0010000000474974513, 0.0009938448201864958, 0.0009755307110026479, 0.0009455087129026651, 0.0009045180631801486, 0.0008535680244676769, 0.0007939132628962398, 0.0007270225323736668, 0.0006545430514961481, 0.0005782594089396298, 0.0005000500241294503, 0.00042184058111160994, 0.0003455569676589221, 0.00027307745767757297, 0.00020618675625883043, 0.00014653196558356285, 9.558195597492158e-05, 5.459128806251101e-05, 2.4569295419496484e-05, 6.255213975236984e-06]}