{"accuracy": [0.24420791864395142, 0.4161716103553772, 0.45778876543045044, 0.47899338603019714, 0.48980197310447693, 0.5290594100952148, 0.5983168482780457, 0.642805278301239, 0.6780858039855957, 0.69029700756073, 0.7107260823249817, 0.7301484942436218, 0.7476237416267395, 0.7631022930145264, 0.7866666913032532, 0.8025742769241333, 0.8114686608314514, 0.8071287274360657, 0.837409257888794, 0.8343729376792908, 0.8364191651344299, 0.8595214486122131, 0.8559076189994812, 0.8546039462089539, 0.848646879196167], "loss": [3.6853439807891846, 3.0418643951416016, 2.9081170558929443, 2.8228635787963867, 2.791590929031372, 2.6847994327545166, 2.504838705062866, 2.344107151031494, 2.2418832778930664, 2.210650682449341, 2.1707770824432373, 2.103296995162964, 2.0372273921966553, 2.017540693283081, 1.9170469045639038, 1.8686621189117432, 1.851388931274414, 1.9170893430709839, 1.7710157632827759, 1.8049308061599731, 1.7995727062225342, 1.6771560907363892, 1.7208813428878784, 1.7281007766723633, 1.766416072845459], "top_5_accuracy": [0.4813201427459717, 0.6848514676094055, 0.7221451997756958, 0.7393894195556641, 0.7427722811698914, 0.7732013463973999, 0.816270649433136, 0.8488118648529053, 0.8685478568077087, 0.8726237416267395, 0.8800824880599976, 0.8879207968711853, 0.8989108800888062, 0.9027062654495239, 0.9147524833679199, 0.9214191436767578, 0.9248020052909851, 0.9187788963317871, 0.9333498477935791, 0.932194709777832, 0.9305445551872253, 0.9421781897544861, 0.9396864771842957, 0.9388284087181091, 0.9370297193527222], "val_accuracy": [0.49227723479270935, 0.5736633539199829, 0.6044224500656128, 0.616897702217102, 0.6237623691558838, 0.6796039342880249, 0.7081848382949829, 0.7269967198371887, 0.7308250665664673, 0.7472607493400574, 0.759801983833313, 0.762772262096405, 0.7634323239326477, 0.7666006684303284, 0.7700330018997192, 0.7702310085296631, 0.7754455208778381, 0.7739273905754089, 0.7851485013961792, 0.7828382849693298, 0.7841584086418152, 0.7838283777236938, 0.7889769077301025, 0.7852805256843567, 0.7862046360969543], "val_loss": [2.3862459659576416, 1.9994065761566162, 1.8781400918960571, 1.8205782175064087, 1.7828760147094727, 1.6369526386260986, 1.5502731800079346, 1.4619872570037842, 1.4685174226760864, 1.3916574716567993, 1.3294233083724976, 1.3059941530227661, 1.3131730556488037, 1.333102822303772, 1.30464506149292, 1.346019983291626, 1.3100489377975464, 1.3183726072311401, 1.2579362392425537, 1.2458287477493286, 1.2818444967269897, 1.279678463935852, 1.2302675247192383, 1.2713499069213867, 1.270580530166626], "val_top_5_accuracy": [0.7692409157752991, 0.832277238368988, 0.8477227687835693, 0.8500990271568298, 0.8605280518531799, 0.892541229724884, 0.9018481969833374, 0.9109570980072021, 0.9127392768859863, 0.9205940365791321, 0.9225742816925049, 0.9244884252548218, 0.9251484870910645, 0.922112226486206, 0.9258745908737183, 0.9236963987350464, 0.9240264296531677, 0.9271947145462036, 0.928778886795044, 0.930759072303772, 0.9289768934249878, 0.9276567697525024, 0.9319471716880798, 0.9281848073005676, 0.9299669861793518], "learning_rate": [0.00019999999494757503, 0.00039999998989515007, 0.0006000000284984708, 0.0007999999797903001, 0.0010000000474974513, 0.0010000000474974513, 0.0009938448201864958, 0.0009755307110026479, 0.0009455087129026651, 0.0009045180631801486, 0.0008535680244676769, 0.0007939132628962398, 0.0007270225323736668, 0.0006545430514961481, 0.0005782594089396298, 0.0005000500241294503, 0.00042184058111160994, 0.0003455569676589221, 0.00027307745767757297, 0.00020618675625883043, 0.00014653196558356285, 9.558195597492158e-05, 5.459128806251101e-05, 2.4569295419496484e-05, 6.255213975236984e-06]}