{"accuracy": [0.21402640640735626, 0.3655610680580139, 0.40859735012054443, 0.42414191365242004, 0.42338284850120544, 0.4855775535106659, 0.5475082397460938, 0.5764026641845703, 0.5933003425598145, 0.6193069219589233, 0.6415181756019592, 0.662854790687561, 0.6765016317367554, 0.6847854852676392, 0.7003135085105896, 0.7218812108039856, 0.7288944125175476, 0.7370626926422119, 0.7492574453353882, 0.7494719624519348, 0.7618151903152466, 0.7728052735328674, 0.7601815462112427, 0.7901155352592468, 0.7750660181045532], "loss": [3.8162262439727783, 3.2329843044281006, 3.0880329608917236, 3.029430866241455, 3.0611612796783447, 2.861165761947632, 2.682863235473633, 2.5906059741973877, 2.5538673400878906, 2.4354896545410156, 2.3893985748291016, 2.3012242317199707, 2.2601318359375, 2.229809045791626, 2.189484119415283, 2.134333610534668, 2.1154773235321045, 2.0743908882141113, 2.022730588912964, 2.015472412109375, 1.9762922525405884, 1.9624158143997192, 2.003647565841675, 1.9242753982543945, 1.9183307886123657], "top_5_accuracy": [0.43480196595191956, 0.6327062845230103, 0.6704620718955994, 0.6802310347557068, 0.6843894124031067, 0.7343729138374329, 0.7843894362449646, 0.8023762106895447, 0.8144389390945435, 0.8325742483139038, 0.8439934253692627, 0.8589273691177368, 0.868531346321106, 0.873300313949585, 0.8825412392616272, 0.8917326927185059, 0.8974587321281433, 0.9044224619865417, 0.9065181612968445, 0.9076237678527832, 0.9123927354812622, 0.9185808300971985, 0.9130197763442993, 0.9273927211761475, 0.9199010133743286], "val_accuracy": [0.48976898193359375, 0.5683828592300415, 0.5945874452590942, 0.6075907349586487, 0.6108911037445068, 0.6949175000190735, 0.7132673263549805, 0.7255445718765259, 0.7475247383117676, 0.7535313367843628, 0.7573597431182861, 0.766270637512207, 0.764026403427124, 0.7745214700698853, 0.7731353044509888, 0.7763036489486694, 0.7832342982292175, 0.7847524881362915, 0.7877227663993835, 0.7861385941505432, 0.7877227663993835, 0.7893729209899902, 0.7910891175270081, 0.7886468768119812, 0.7902970314025879], "val_loss": [2.4421091079711914, 2.0604655742645264, 1.916953206062317, 1.86885404586792, 1.8496898412704468, 1.5475443601608276, 1.4851367473602295, 1.4812982082366943, 1.3690398931503296, 1.353701114654541, 1.3477588891983032, 1.3011562824249268, 1.329535961151123, 1.2614054679870605, 1.299144983291626, 1.3326449394226074, 1.2867631912231445, 1.2664674520492554, 1.23304283618927, 1.238153338432312, 1.2239162921905518, 1.2595360279083252, 1.2193597555160522, 1.2553577423095703, 1.228868007659912], "val_top_5_accuracy": [0.7693729400634766, 0.8220462203025818, 0.840924084186554, 0.8514851331710815, 0.8539934158325195, 0.8974917531013489, 0.906930685043335, 0.9073927402496338, 0.9233003258705139, 0.9233003258705139, 0.9236963987350464, 0.9248844981193542, 0.9248844981193542, 0.9281188249588013, 0.9266666769981384, 0.9273927211761475, 0.9297029972076416, 0.9306930899620056, 0.9312211275100708, 0.930495023727417, 0.931749165058136, 0.9309570789337158, 0.9332013130187988, 0.9324752688407898, 0.9333333373069763], "learning_rate": [0.00019999999494757503, 0.00039999998989515007, 0.0006000000284984708, 0.0007999999797903001, 0.0010000000474974513, 0.0010000000474974513, 0.0009938448201864958, 0.0009755307110026479, 0.0009455087129026651, 0.0009045180631801486, 0.0008535680244676769, 0.0007939132628962398, 0.0007270225323736668, 0.0006545430514961481, 0.0005782594089396298, 0.0005000500241294503, 0.00042184058111160994, 0.0003455569676589221, 0.00027307745767757297, 0.00020618675625883043, 0.00014653196558356285, 9.558195597492158e-05, 5.459128806251101e-05, 2.4569295419496484e-05, 6.255213975236984e-06]}