{
  "loss": [
    3.7901437282562256, 3.1475346088409424, 2.9647276401519775,
    2.879333972930908, 2.8999502658843994, 2.7060036659240723,
    2.5026071071624756, 2.4002997875213623, 2.261563539505005,
    2.2107019424438477, 2.1206214427948, 2.051703453063965, 1.9679067134857178,
    1.9314777851104736, 1.8670158386230469, 1.896706461906433,
    1.8421586751937866, 1.8083925247192383, 1.7254749536514282,
    1.7520453929901123, 1.690279245376587, 1.7005683183670044,
    1.6442716121673584, 1.6924359798431396, 1.7197152376174927
  ],
  "accuracy": [
    0.21719472110271454, 0.38900989294052124, 0.4392244219779968,
    0.4643564224243164, 0.46542903780937195, 0.5209736227989197,
    0.596138596534729, 0.6350165009498596, 0.6711056232452393,
    0.6934983730316162, 0.7212871313095093, 0.7409735918045044,
    0.7689108848571777, 0.7791584134101868, 0.7989603877067566,
    0.8042409420013428, 0.8220462203025818, 0.8329207897186279,
    0.8514026403427124, 0.846584141254425, 0.8603630065917969,
    0.8669471740722656, 0.8751980066299438, 0.868267297744751,
    0.8673102259635925
  ],
  "top_5_accuracy": [
    0.4326237738132477, 0.6550329923629761, 0.7051485180854797,
    0.7256435751914978, 0.721584141254425, 0.772293746471405,
    0.8190923929214478, 0.8398019671440125, 0.8615346550941467,
    0.8702475428581238, 0.8827062845230103, 0.8929703235626221,
    0.9087789058685303, 0.90655118227005, 0.9156270623207092,
    0.9150825142860413, 0.9247029423713684, 0.926699697971344,
    0.9339603781700134, 0.9297194480895996, 0.9357260465621948,
    0.9393729567527771, 0.9437458515167236, 0.9388613700866699,
    0.9405445456504822
  ],
  "val_loss": [
    2.4556472301483154, 2.083657741546631, 1.97541344165802, 1.9594229459762573,
    1.9177985191345215, 2.8001058101654053, 2.079130172729492,
    1.7438817024230957, 1.6138228178024292, 1.627089262008667,
    1.5071547031402588, 1.4780174493789673, 1.4476501941680908,
    1.4225399494171143, 1.406494140625, 1.390779733657837, 1.3879096508026123,
    1.366235613822937, 1.3533594608306885, 1.3554582595825195,
    1.3438401222229004, 1.348351240158081, 1.3422303199768066,
    1.3412946462631226, 1.3417805433273315
  ],
  "val_accuracy": [
    0.46917492151260376, 0.5529372692108154, 0.5808581113815308,
    0.5900329947471619, 0.5961716175079346, 0.4239603877067566,
    0.5982838273048401, 0.6675907373428345, 0.6900990009307861,
    0.6943894624710083, 0.7213201522827148, 0.7258085608482361,
    0.7307590842247009, 0.7401320338249207, 0.7483828663825989,
    0.7509570717811584, 0.7515511512756348, 0.7605940699577332,
    0.7634323239326477, 0.7654125690460205, 0.7677887678146362,
    0.7666006684303284, 0.7679207921028137, 0.7706930637359619,
    0.7708910703659058
  ],
  "val_top_5_accuracy": [
    0.7438283562660217, 0.8159075975418091, 0.8318811655044556,
    0.8348515033721924, 0.8355775475502014, 0.7007260918617249,
    0.8423762321472168, 0.8798019886016846, 0.889570951461792,
    0.8890429139137268, 0.9018481969833374, 0.9062046408653259,
    0.9076567888259888, 0.911155104637146, 0.912409245967865,
    0.9170957207679749, 0.9137293696403503, 0.9187458753585815,
    0.9193399548530579, 0.9195379614830017, 0.9212540984153748,
    0.9214521646499634, 0.9217161536216736, 0.9223102331161499,
    0.9219142198562622
  ],
  "lr": [2.0000e-04, 4.0000e-04, 6.0000e-04, 8.0000e-04, 0.0010, 0.0010, 9.9384e-04, 9.7553e-04, 9.4551e-04, 9.0452e-04, 8.5357e-04, 7.9391e-04, 7.2702e-04, 6.5454e-04, 5.7826e-04, 5.0005e-04, 4.2184e-04, 3.4556e-04, 2.7308e-04, 2.0619e-04, 1.4653e-04, 9.5582e-05, 5.4591e-05, 2.4569e-05, 6.2552e-06]
}
