{
  "loss": [
    3.9303338527679443, 3.326587677001953, 3.1863365173339844,
    3.144709587097168, 3.1291027069091797, 2.9806764125823975,
    2.715308904647827, 2.585965871810913, 2.4658966064453125,
    2.4548721313476562, 2.3160159587860107, 2.3144285678863525,
    2.260324716567993, 2.203110456466675, 2.1423299312591553, 2.095029592514038,
    2.019238233566284, 2.0339038372039795, 1.954776406288147,
    1.9618935585021973, 1.93244469165802, 1.9095450639724731, 1.874125599861145,
    1.925236463546753, 1.8573713302612305
  ],
  "accuracy": [
    0.18445543944835663, 0.3430033028125763, 0.38181519508361816,
    0.3985808491706848, 0.4047194719314575, 0.4575742483139038,
    0.5408911108970642, 0.582656741142273, 0.6149010062217712,
    0.6177392601966858, 0.6581023335456848, 0.6624257564544678,
    0.6807096004486084, 0.6952145099639893, 0.7157095670700073,
    0.725627064704895, 0.7531847953796387, 0.7532508373260498,
    0.7610396146774292, 0.7694554328918457, 0.776353120803833,
    0.7842574119567871, 0.7824752330780029, 0.7786468863487244,
    0.7941089272499084
  ],
  "top_5_accuracy": [
    0.3843894302845001, 0.605660080909729, 0.644504964351654,
    0.6536303758621216, 0.6610066294670105, 0.7100495100021362,
    0.778052806854248, 0.8062871098518372, 0.8283663392066956,
    0.8310561180114746, 0.8590593934059143, 0.8555280566215515,
    0.8678382635116577, 0.8760890960693359, 0.8863531351089478,
    0.8939439058303833, 0.9079372882843018, 0.9072276949882507,
    0.9103135466575623, 0.9148514866828918, 0.9173762202262878,
    0.9190263748168945, 0.9206435680389404, 0.9176732897758484,
    0.9255940318107605
  ],
  "val_loss": [
    2.5364465713500977, 2.158024311065674, 2.051992893218994,
    2.0145599842071533, 1.9724992513656616, 2.788388252258301,
    2.210015058517456, 1.8337600231170654, 1.7258076667785645,
    1.5674015283584595, 1.4890989065170288, 1.4820857048034668,
    1.4457353353500366, 1.3786643743515015, 1.356136441230774,
    1.3465707302093506, 1.3111432790756226, 1.3000612258911133,
    1.2853128910064697, 1.2789466381072998, 1.2708911895751953,
    1.27607262134552, 1.2636104822158813, 1.267897129058838, 1.2633390426635742
  ],
  "val_accuracy": [
    0.4532013237476349, 0.5464686751365662, 0.5712871551513672,
    0.5818482041358948, 0.5865346789360046, 0.45359736680984497,
    0.55214524269104, 0.6512871384620667, 0.676171600818634, 0.7112210988998413,
    0.7238944172859192, 0.7271286845207214, 0.7413861155509949,
    0.7537953853607178, 0.759801983833313, 0.7646204829216003,
    0.7667986750602722, 0.7689769268035889, 0.7735973596572876,
    0.7743894457817078, 0.7755775451660156, 0.7761716246604919,
    0.7768316864967346, 0.777887761592865, 0.7789438962936401
  ],
  "val_top_5_accuracy": [
    0.7368316650390625, 0.8058745861053467, 0.8205280303955078,
    0.8304950594902039, 0.8359075784683228, 0.7242244482040405,
    0.8100330233573914, 0.8708251118659973, 0.8902970552444458,
    0.9028382897377014, 0.9072607159614563, 0.9097689986228943,
    0.9150494933128357, 0.9198019504547119, 0.9223762154579163,
    0.9222442507743835, 0.9271287322044373, 0.9265346527099609,
    0.9284488558769226, 0.9296369552612305, 0.9312871098518372,
    0.9301649928092957, 0.9324752688407898, 0.931749165058136,
    0.9323432445526123
  ],
  "lr": [
    [2.0000e-04, 4.0000e-04, 6.0000e-04, 
    8.0000e-04, 0.0010, 0.0010, 9.9384e-04, 
    9.7553e-04, 9.4551e-04, 9.0452e-04, 
    8.5357e-04, 7.9391e-04, 7.2702e-04, 
    6.5454e-04, 5.7826e-04, 5.0005e-04, 
    4.2184e-04, 3.4556e-04, 2.7308e-04,
    2.0619e-04, 1.4653e-04, 9.5582e-05, 
    5.4591e-05, 2.4569e-05, 6.2552e-06]
  ]
}
